segment,quartier_nom,avg_valeur
top5,Quartier-34,68.77103448275862
top5,Quartier-90,66.73572580645161
top5,Quartier-109,66.29172316384181
top5,Quartier-153,66.13112676056339
top5,Quartier-159,66.0156393442623
bottom5,Quartier-184,63.207230769230776
bottom5,Quartier-192,63.630487804878044
bottom5,Quartier-94,63.843236714975845
bottom5,Quartier-129,63.91333333333333
bottom5,Quartier-85,63.9921327014218
