quartier_nom,avg_bruit
Quartier-34,68.77103448275862
Quartier-90,66.73572580645161
Quartier-109,66.29172316384181
Quartier-153,66.13112676056339
Quartier-159,66.0156393442623
